<?xml version="1.0" encoding="UTF-8" standalone="yes"?>
<addon id="plugin.video.tools" name="Tools" version="2025.08.06" provider-name="Michaz">
    <requires>
        <import addon="script.module.requests"/>
        <import addon="script.module.routing"/>
        <import addon="script.module.asyn" optional="true" />
    </requires>
    <extension point="xbmc.python.pluginsource" library="main.py">
        <provides>video executable</provides>
    </extension>
    <!--<extension point="xbmc.service" library="lib/service.py" start="login">
        <provides>service</provides>
    </extension>-->
    <extension point="xbmc.addon.metadata">
        <assets>
            <icon>icon.png</icon>
        </assets>
    </extension>
</addon>