<?xml version="1.0" encoding="UTF-8" standalone="yes"?>
<addon id="repository.nekoschitra" name="Nekoschitra Repository" provider-name="DTox83" version="1.0">
	<extension point="xbmc.addon.repository" name="Nekoschitra Repository">
		<dir>
			<info compressed="false">https://dtox83.github.io/nekoschitra/addons.xml</info>
			<checksum>https://dtox83.github.io/nekoschitra/addons.xml.md5</checksum>
		</dir>
	</extension>
	<extension point="xbmc.addon.metadata">
		<platform>all</platform>
		<description lang="en"></description>
		<website></website>
		<assets>
			<icon>icon.png</icon>
			<fanart>fanart.jpg</fanart>
		</assets> 
	</extension>
</addon>